City,Lat,Lng,Max Temp,Humidity,Cloudiness,Wind Speed,Country,Date
vila franca do campo,37.7167,-25.4333,57.2,69,100,4.05,PT,1644811154
mataura,-46.1927,168.8643,70.9,39,100,5.77,NZ,1644810637
arraial do cabo,-22.9661,-42.0278,75.07,93,9,15.28,BR,1644810717
carnarvon,-24.8667,113.6333,86.07,74,6,12.66,AU,1644810639
skjervoy,70.0311,20.9714,32.14,61,100,22.17,NO,1644811154
tasiilaq,65.6145,-37.6368,22.42,85,100,25.05,GL,1644811154
vangaindrano,-23.35,47.6,75.38,88,44,2.73,MG,1644811155
khatanga,71.9667,102.5,-26.57,100,56,2.77,RU,1644810640
cape town,-33.9258,18.4232,68.41,79,20,20.71,ZA,1644811155
alugan,12.2188,125.4808,81.73,67,100,9.82,PH,1644811155
albany,42.6001,-73.9662,20.48,64,34,7.0,US,1644810637
atuona,-9.8,-139.0333,77.31,80,22,13.73,PF,1644810641
isangel,-19.55,169.2667,89.71,70,40,6.91,VU,1644810894
clyde river,70.4692,-68.5914,-14.57,76,100,26.46,CA,1644810708
vila velha,-20.3297,-40.2925,75.15,95,40,3.44,BR,1644810479
yumen,40.2833,97.2,31.57,32,28,15.59,CN,1644810711
port blair,11.6667,92.75,80.64,65,40,11.5,IN,1644811156
rikitea,-23.1203,-134.9692,78.91,71,2,14.07,PF,1644810636
punta arenas,-53.15,-70.9167,42.91,61,20,12.66,CL,1644810633
mahebourg,-20.4081,57.7,82.26,94,75,9.22,MU,1644811156
puerto ayora,-0.7393,-90.3518,73.54,94,97,2.68,EC,1644811157
iqaluit,63.7506,-68.5145,-16.87,63,100,5.75,CA,1644811157
belyy yar,53.6039,91.3903,-13.11,84,99,0.0,RU,1644811157
hithadhoo,-0.6,73.0833,82.35,72,73,13.18,MV,1644811157
plettenberg bay,-34.0527,23.3716,66.92,91,100,13.87,ZA,1644811158
minab,27.1467,57.0801,58.5,41,22,19.15,IR,1644811158
fort nelson,58.8053,-122.7002,2.79,78,75,4.61,CA,1644811158
llangefni,53.2556,-4.3106,44.38,87,100,21.85,GB,1644811159
asfi,32.2994,-9.2372,55.27,82,14,7.65,MA,1644811159
avarua,-21.2078,-159.775,77.05,88,20,8.05,CK,1644810611
qaanaaq,77.484,-69.3632,-7.94,68,77,7.67,GL,1644811159
paredon,16.0333,-93.8667,74.25,62,91,29.12,MX,1644811160
lufilufi,-13.8745,-171.5986,83.98,76,71,5.03,WS,1644811160
busselton,-33.65,115.3333,87.04,40,0,5.1,AU,1644810714
kizhinga,51.8462,109.9097,-9.11,84,84,2.42,RU,1644811160
hobart,-42.8794,147.3294,74.01,60,75,10.36,AU,1644810644
bubaque,11.2833,-15.8333,77.95,59,0,4.09,GW,1644811161
bredasdorp,-34.5322,20.0403,65.52,77,100,5.75,ZA,1644810636
broome,42.2506,-75.833,13.17,78,0,6.91,US,1644810638
kodiak,57.79,-152.4072,33.31,75,0,3.44,US,1644810711
kavieng,-2.5744,150.7967,83.68,73,92,5.79,PG,1644811161
liverpool,53.4106,-2.9779,45.28,92,100,19.57,GB,1644810858
kapaa,22.0752,-159.319,73.72,65,0,18.41,US,1644810707
arlit,18.7369,7.3853,63.43,13,0,4.88,NE,1644811222
tual,-5.6667,132.75,80.76,75,83,7.87,ID,1644811223
faanui,-16.4833,-151.75,81.1,75,100,11.9,PF,1644810971
samarai,-10.6167,150.6667,83.48,70,84,9.73,PG,1644810640
okhotsk,59.3833,143.3,-0.49,75,0,13.76,RU,1644811092
airai,-8.9266,125.4092,74.86,56,26,2.57,TL,1644810638
carutapera,-1.195,-46.02,77.02,90,100,6.35,BR,1644811035
beyneu,45.3167,55.2,28.09,73,6,15.32,KZ,1644811223
binga,-17.6203,27.3414,69.57,84,22,2.08,ZW,1644811224
hambantota,6.1241,81.1185,79.14,89,75,11.5,LK,1644810643
new norfolk,-42.7826,147.0587,73.65,47,83,1.01,AU,1644810637
eloy,32.7559,-111.5548,67.35,20,0,4.72,US,1644811225
yellowknife,62.456,-114.3525,-22.45,87,20,2.3,CA,1644810989
port alfred,-33.5906,26.891,68.05,84,79,16.96,ZA,1644810642
beringovskiy,63.05,179.3167,-22.54,96,37,9.66,RU,1644811225
komsomolskiy,40.4272,71.7189,40.35,81,100,4.61,UZ,1644811226
kamaishi,39.2667,141.8833,39.58,42,7,4.72,JP,1644811226
hermanus,-34.4187,19.2345,66.9,77,85,18.95,ZA,1644810712
keokuk,40.3973,-91.3849,18.09,73,75,8.05,US,1644811227
vao,-22.6667,167.4833,80.35,81,99,14.54,NC,1644811227
klaksvik,62.2266,-6.589,32.92,64,100,26.98,FO,1644810718
ongole,15.5,80.05,79.02,65,23,8.93,IN,1644811227
ulladulla,-35.35,150.4667,87.76,45,92,16.2,AU,1644810643
lingyuan,41.24,119.4011,14.95,52,65,14.45,CN,1644811228
ushuaia,-54.8,-68.3,40.66,70,40,26.46,AR,1644810541
pevek,69.7008,170.3133,-16.67,98,100,8.01,RU,1644811228
anadyr,64.75,177.4833,-32.01,66,20,13.42,RU,1644811229
matay,28.419,30.7792,49.66,81,4,12.8,EG,1644811229
narsaq,60.9167,-46.05,21.42,94,100,6.6,GL,1644811229
goure,13.9835,10.2704,63.03,13,0,8.01,NE,1644811229
vestmannaeyjar,63.4427,-20.2734,34.47,84,100,31.54,IS,1644811230
saint-francois,46.4154,3.9054,52.41,62,0,13.8,FR,1644811230
tiksi,71.6872,128.8694,-10.59,90,27,9.31,RU,1644810717
binzhou,37.3667,118.0167,31.26,39,83,10.92,CN,1644811231
cherskiy,68.75,161.3,-22.0,97,94,5.84,RU,1644811231
virginia beach,36.8529,-75.978,36.01,77,100,5.01,US,1644811021
naze,28.3667,129.4833,57.54,76,100,18.75,JP,1644811231
jamestown,42.097,-79.2353,12.29,100,99,2.15,US,1644811154
thompson,55.7435,-97.8558,-22.02,100,64,4.34,CA,1644811232
castro,-24.7911,-50.0119,63.82,91,82,1.5,BR,1644811232
san cristobal,7.7669,-72.225,65.68,77,96,1.5,VE,1644811232
manikpur,25.0667,81.1167,66.45,32,0,2.3,IN,1644811233
pendleton,45.6721,-118.7886,44.98,72,65,4.16,US,1644811233
manokwari,-0.8667,134.0833,81.91,72,100,6.6,ID,1644811234
lixourion,38.2019,20.4314,50.41,78,7,3.83,GR,1644811234
lavrentiya,65.5833,-171.0,-21.24,93,12,5.17,RU,1644811294
mudon,16.2578,97.7164,88.43,26,27,3.0,MM,1644811295
east london,-33.0153,27.9116,68.94,100,100,13.8,ZA,1644810712
faya,18.3851,42.4509,49.17,61,9,2.75,SA,1644811295
ashti,19.3833,76.2333,75.63,22,9,8.32,IN,1644811295
stornoway,58.2093,-6.3865,40.96,88,75,23.02,GB,1644811296
lebu,-37.6167,-73.65,56.17,93,97,6.15,CL,1644811275
muros,42.7762,-9.0603,54.84,94,15,17.4,ES,1644811296
saint-philippe,-21.3585,55.7679,80.19,80,31,11.05,RE,1644811296
mayo,38.8876,-76.5119,31.12,66,0,8.05,US,1644811087
longyearbyen,78.2186,15.6401,9.59,96,99,1.14,SJ,1644810719
kojnare,43.35,24.1333,34.74,75,64,1.3,BG,1644811297
vaini,-21.2,-175.2,80.13,71,91,16.04,TO,1644811297
kutum,14.2,24.6667,56.41,22,4,7.76,SD,1644811002
nchelenge,-9.3451,28.734,68.61,88,100,7.27,ZM,1644811297
port hedland,-20.3167,118.5667,98.65,39,13,12.66,AU,1644811297
santiago del estero,-27.7951,-64.2615,67.62,43,7,4.5,AR,1644811298
ponta do sol,32.6667,-17.1,61.05,74,94,1.77,PT,1644811298
riachao,-7.3619,-46.6172,70.57,97,100,4.07,BR,1644811298
huarmey,-10.0681,-78.1522,72.39,79,91,7.49,PE,1644811299
zhanaozen,43.3,52.8,24.71,87,26,5.06,KZ,1644811299
slave lake,55.2834,-114.769,20.5,89,100,4.9,CA,1644811299
provideniya,64.3833,-173.3,-7.49,71,0,8.95,RU,1644811300
lakes entrance,-37.8811,147.981,93.58,58,9,10.16,AU,1644811300
marienburg,54.0359,19.0266,37.06,75,97,14.92,PL,1644811300
nagua,19.3832,-69.8474,71.94,90,8,3.83,DO,1644811301
bethel,41.3712,-73.414,25.56,64,59,4.0,US,1644811094
hasaki,35.7333,140.8333,45.28,55,100,25.59,JP,1644811301
ancud,-41.8697,-73.8203,58.53,95,20,1.83,CL,1644810714
saskylakh,71.9167,114.0833,-15.03,95,21,4.0,RU,1644811301
dikson,73.5069,80.5464,-5.8,91,70,22.32,RU,1644811233
butaritari,3.0707,172.7902,81.3,77,62,12.66,KI,1644811302
poum,-20.2333,164.0167,82.94,76,94,9.62,NC,1644811302
deputatskiy,69.3,139.9,-10.7,95,96,4.47,RU,1644810656
petropavlovsk-kamchatskiy,53.0452,158.6483,21.79,68,75,8.95,RU,1644810709
nikolskoye,59.7035,30.7861,37.87,92,100,11.3,RU,1644811302
ahipara,-35.1667,173.1667,70.43,57,13,11.77,NZ,1644811303
dalian,38.9122,121.6022,19.33,73,100,15.66,CN,1644811073
katsuura,35.1333,140.3,48.11,64,99,22.39,JP,1644811303
buala,-8.145,159.5921,79.34,86,100,3.49,SB,1644811303
manaus,-3.1019,-60.025,79.29,94,75,3.44,BR,1644811201
khani,41.9563,42.9566,36.97,79,100,6.89,GE,1644811304
caluquembe,-13.7833,14.6833,56.17,67,78,4.59,AO,1644811304
kaeo,-35.1,173.7833,76.32,56,12,5.19,NZ,1644811304
norman wells,65.282,-126.8329,-7.56,71,75,2.3,CA,1644811087
paragominas,-2.9667,-47.4833,72.14,98,100,1.54,BR,1644811364
eldorado,-23.7869,-54.2836,74.08,63,84,2.39,BR,1644811365
geraldton,-28.7667,114.6,86.41,58,6,10.36,AU,1644811365
kamenka,51.3223,42.7678,5.67,97,74,6.04,RU,1644811365
chuy,-33.6971,-53.4616,58.28,64,5,9.42,UY,1644811366
georgetown,5.4112,100.3354,87.73,70,20,4.61,MY,1644811248
pizarro,4.9533,-77.366,75.4,92,95,5.37,CO,1644811366
vanimo,-2.6741,141.3028,82.76,79,100,2.64,PG,1644811366
mar del plata,-38.0023,-57.5575,60.87,78,0,1.01,AR,1644811367
saldanha,-33.0117,17.9442,63.79,88,0,12.44,ZA,1644811367
half moon bay,37.4636,-122.4286,65.97,72,0,13.8,US,1644811252
chaozhou,23.6651,116.6379,66.22,61,49,2.68,CN,1644811367
mehamn,71.0357,27.8492,17.55,86,75,16.11,NO,1644811367
leshukonskoye,64.8989,45.7622,7.63,88,95,8.28,RU,1644811368
garowe,8.4054,48.4845,64.87,80,80,8.43,SO,1644811368
dolzhanskaya,46.6311,37.8039,35.62,64,0,13.4,RU,1644811368
barrow,71.2906,-156.7887,-29.18,68,0,8.05,US,1644811328
tarko-sale,64.9225,77.785,-9.36,97,35,11.1,RU,1644811093
kenai,60.5544,-151.2583,20.95,98,72,2.86,US,1644811369
eyl,7.9803,49.8164,72.52,72,57,11.16,SO,1644811369
grand-lahou,5.1367,-5.0242,78.26,86,55,6.69,CI,1644811369
dingle,10.9995,122.6711,85.59,64,100,11.43,PH,1644811369
bunia,1.5667,30.25,65.86,56,74,2.73,CD,1644811221
cabo san lucas,22.8909,-109.9124,74.52,47,71,6.6,MX,1644810886
ewa beach,21.3156,-158.0072,74.01,61,4,13.4,US,1644811278
puerto narino,-3.7703,-70.3831,72.54,99,100,1.57,CO,1644811370
kuytun,54.3419,101.5036,-11.4,96,100,7.05,RU,1644811370
touros,-5.1989,-35.4608,79.34,78,6,10.6,BR,1644811370
labrea,-7.2586,-64.7981,73.29,98,100,2.51,BR,1644811371
abaza,52.655,90.0928,16.38,79,99,0.29,RU,1644811371
tera,14.0078,0.7531,71.53,12,4,11.12,NE,1644811371
tuktoyaktuk,69.4541,-133.0374,-34.35,100,71,7.61,CA,1644811372
iwanai,42.9744,140.5089,32.72,71,76,5.5,JP,1644811372
atyrau,47.1167,51.8833,26.62,86,6,11.18,KZ,1644811372
sinnamary,5.3833,-52.95,75.9,90,93,9.22,GF,1644811372
nacogdoches,31.6002,-94.6335,41.79,78,0,0.0,US,1644811373
payo,-3.7508,103.6372,89.13,56,81,2.26,ID,1644811373
hami,42.8,93.45,28.87,39,17,7.61,CN,1644811163
talcahuano,-36.7167,-73.1167,59.99,82,100,5.86,CL,1644811373
esperance,-33.8667,121.9,73.42,57,68,13.27,AU,1644811374
nador,35.174,-2.9287,53.85,62,0,2.3,MA,1644811374
diapaga,12.0708,1.7889,72.81,13,4,6.51,BF,1644811374
puerto quijarro,-17.7833,-57.7667,75.56,79,83,1.59,BO,1644811374
juneau,58.3019,-134.4197,33.84,95,100,0.0,US,1644811210
ribeira grande,38.5167,-28.7,57.88,68,90,2.91,PT,1644811375
bambous virieux,-20.3428,57.7575,82.22,86,100,13.47,MU,1644811375
archidona,37.0965,-4.3887,48.67,84,87,2.01,ES,1644811435
belaya gora,68.5333,146.4167,-17.18,91,90,4.59,RU,1644811436
bud,39.447,-86.1758,18.18,81,68,6.87,US,1644811436
pecos,31.4229,-103.4932,53.31,24,0,5.75,US,1644811436
murgab,37.4966,61.9714,43.77,59,93,9.93,TM,1644811436
los llanos de aridane,28.6585,-17.9182,60.55,77,75,6.91,ES,1644811437
la ronge,55.1001,-105.2842,-12.32,94,17,4.47,CA,1644811252
pacific grove,36.6177,-121.9166,63.61,93,100,1.01,US,1644811437
zykovo,55.9519,93.1461,-8.01,89,21,4.43,RU,1644811437
porto velho,-8.7619,-63.9039,73.45,94,0,2.3,BR,1644811438
shwebo,22.5667,95.7,75.85,31,0,2.77,MM,1644811438
varkaus,62.3153,27.873,33.91,96,100,9.19,FI,1644811438
zhigansk,66.7697,123.3711,-26.21,96,74,1.45,RU,1644811438
lagoa,39.05,-27.9833,56.44,59,86,2.42,PT,1644811439
alyangula,-13.8483,136.4192,87.12,61,8,13.04,AU,1644811439
cayenne,4.9333,-52.3333,77.09,90,100,5.99,GF,1644811439
lardos,36.0942,28.0157,55.22,71,63,15.32,GR,1644811440
mindyak,54.0231,58.7891,3.81,96,81,5.64,RU,1644811440
japura,-0.3167,102.35,89.46,60,72,0.87,ID,1644811440
zhezkazgan,47.8043,67.7144,30.18,100,100,26.84,KZ,1644811308
gat,31.61,34.7642,54.39,100,99,4.92,IL,1644811440
kieta,-6.2167,155.6333,83.55,72,99,4.54,PG,1644811227
coihaique,-45.5752,-72.0662,52.02,90,91,0.98,CL,1644811202
covington,39.0837,-84.5086,19.9,79,100,6.35,US,1644811264
lesogorsk,56.0458,99.5136,-5.84,89,48,5.93,RU,1644811441
georgiyevskoye,58.731,45.024,20.89,96,100,8.59,RU,1644811441
port elizabeth,-33.918,25.5701,66.49,100,75,4.61,ZA,1644811397
kalangala,-0.3089,32.225,73.02,69,79,8.39,UG,1644811442
cholet,47.1667,-1.0,45.93,95,92,11.14,FR,1644811442
baghdad,33.3406,44.4009,40.91,70,0,3.44,IQ,1644811388
blagodatnoye,45.3997,42.5867,23.92,72,3,6.49,RU,1644811442
aykhal,66.0,111.5,-3.59,62,25,0.58,RU,1644811443
ulaangom,49.9811,92.0667,-22.27,96,94,2.37,MN,1644811443
san patricio,28.017,-97.5169,55.24,46,96,7.43,US,1644811443
taltal,-25.4,-70.4833,67.51,79,3,1.63,CL,1644811095
havre-saint-pierre,50.2334,-63.5986,-5.46,87,4,7.7,CA,1644811444
bluff,-46.6,168.3333,59.2,63,100,6.8,NZ,1644811152
verkhnevilyuysk,63.4453,120.3167,-9.69,94,100,1.61,RU,1644811444
dudinka,69.4058,86.1778,-16.65,92,33,5.82,RU,1644811444
hilo,19.7297,-155.09,72.25,89,46,1.01,US,1644811444
labuhan,-6.8844,112.2051,79.18,84,95,4.52,ID,1644811383
barcelos,41.5388,-8.6151,51.94,88,29,3.0,PT,1644811445
moose factory,51.2585,-80.6094,-21.44,100,92,3.36,CA,1644811445
poronaysk,49.2167,143.1167,18.93,76,33,9.48,RU,1644811505
mount gambier,-37.8333,140.7667,75.81,50,13,10.36,AU,1644811333
alakurtti,66.9672,30.3491,21.63,97,100,1.68,RU,1644811506
caicedo,6.4051,-75.9826,65.17,97,100,0.31,CO,1644811506
haines junction,60.7522,-137.5108,1.17,100,80,2.8,CA,1644811506
bozdar,27.1828,68.636,57.27,23,1,9.75,PK,1644811507
nantong,32.0303,120.8747,49.19,54,4,5.95,CN,1644811507
bireun,5.203,96.7009,83.75,65,90,3.69,ID,1644811507
raudeberg,61.9875,5.1352,38.07,95,100,8.99,NO,1644811507
lorengau,-2.0226,147.2712,84.02,72,71,2.98,PG,1644811508
shenjiamen,29.9576,122.298,45.57,64,2,17.0,CN,1644811508
visby,57.6409,18.296,37.76,87,100,14.97,SE,1644811508
trincomalee,8.5711,81.2335,80.8,68,73,13.29,LK,1644811509
medvedevo,56.6339,47.804,16.32,98,100,4.88,RU,1644811509
hovd,48.0056,91.6419,-8.05,86,83,3.78,MN,1644811509
ofunato,39.0717,141.7167,39.9,45,22,2.3,JP,1644811510
bilma,18.6853,12.9164,61.52,16,0,6.82,NE,1644811510
valparaiso,-33.0393,-71.6273,66.47,79,0,4.61,CL,1644811510
goundi,9.3627,17.366,73.44,17,89,4.05,TD,1644811510
fort smith,35.3859,-94.3986,38.34,56,0,0.0,US,1644811511
orlik,52.5178,99.825,-10.07,87,68,1.72,RU,1644811511
burhaniye,39.5004,26.9727,46.26,65,75,13.8,TR,1644811511
kruisfontein,-34.0033,24.7314,64.63,86,100,13.22,ZA,1644811512
grindavik,63.8424,-22.4338,25.27,80,40,9.22,IS,1644811512
adrar,20.5022,-10.0711,58.77,26,98,10.76,MR,1644811512
severo-kurilsk,50.6789,156.125,26.67,69,78,16.75,RU,1644811512
nouadhibou,20.931,-17.0347,64.94,69,99,17.52,MR,1644811513
killarney,52.05,-9.5167,42.26,89,23,14.16,IE,1644811214
hay river,60.8156,-115.7999,-12.42,97,96,4.83,CA,1644811248
the valley,18.217,-63.0578,77.09,66,4,18.72,AI,1644811513
chake chake,-5.2459,39.7666,76.37,84,38,4.45,TZ,1644811514
nipawin,53.3668,-104.0009,5.04,92,100,5.75,CA,1644811514
lompoc,34.6391,-120.4579,62.56,97,100,4.61,US,1644811286
sungairaya,0.7,108.9,84.27,76,93,3.13,ID,1644811514
sao miguel do araguaia,-13.275,-50.1628,70.54,95,61,3.36,BR,1644811237
bengkulu,-3.8004,102.2655,84.92,63,78,5.06,ID,1644811515
hwange,-18.3693,26.5019,65.23,79,1,2.3,ZW,1644811515
guerrero negro,27.9769,-114.0611,67.15,45,5,7.2,MX,1644811515
george town,5.4112,100.3354,87.73,70,20,4.61,MY,1644811286
vysokogornyy,50.1167,139.15,17.51,71,98,2.17,RU,1644811515
baruun-urt,46.6806,113.2792,-7.1,82,35,3.6,MN,1644811516
victoria,22.2855,114.1577,69.04,68,29,5.99,HK,1644811472
salobrena,36.7428,-3.5872,56.75,70,68,9.44,ES,1644811516
kirakira,-10.4544,161.9205,81.45,80,100,4.14,SB,1644811516
kavaratti,10.5669,72.642,80.94,70,2,8.41,IN,1644811517
nhamunda,-2.1861,-56.7131,73.38,95,95,1.86,BR,1644811517
le port,-20.9373,55.2919,80.6,74,13,2.3,RE,1644811517
yei,4.095,30.6779,73.53,43,97,0.36,SS,1644811222
foumban,5.7291,10.9001,63.03,25,44,3.51,CM,1644811577
cidreira,-30.1811,-50.2056,68.67,86,20,6.46,BR,1644811578
joshimath,30.5667,79.5667,52.14,30,0,1.48,IN,1644811287
kalmunai,7.4167,81.8167,81.01,72,62,12.08,LK,1644811296
byron bay,-28.65,153.6167,74.71,84,65,13.2,AU,1644811353
aswan,24.0934,32.907,56.21,33,0,9.62,EG,1644811578
riohacha,11.5444,-72.9072,76.39,81,6,10.58,CO,1644811578
isla mujeres,21.2311,-86.731,68.16,75,34,20.65,MX,1644811579
derzhavinsk,51.1,66.3167,20.46,96,100,15.26,KZ,1644811579
harper,4.375,-7.7169,76.93,87,57,3.56,LR,1644811579
salekhard,66.53,66.6019,-18.9,100,100,2.66,RU,1644811580
ertil,51.8406,40.8056,11.03,91,52,7.58,RU,1644811580
sao filipe,14.8961,-24.4956,72.95,68,87,10.83,CV,1644811580
paamiut,61.994,-49.6678,8.96,88,100,17.11,GL,1644811580
kasempa,-13.4584,25.8338,60.44,95,59,2.15,ZM,1644811581
northam,51.0333,-4.2167,44.62,84,50,17.13,GB,1644811581
thinadhoo,0.5333,72.9333,81.72,73,50,8.23,MV,1644811305
constitucion,-35.3333,-72.4167,58.71,89,72,2.3,CL,1644811581
alofi,-19.0595,-169.9187,80.89,74,99,15.12,NU,1644811582
talnakh,69.4865,88.3972,-7.37,70,10,8.66,RU,1644811582
kaitangata,-46.2817,169.8464,59.94,74,99,7.29,NZ,1644811582
chokurdakh,70.6333,147.9167,-12.78,99,79,8.68,RU,1644811582
shar,49.5886,81.0453,17.55,85,98,15.68,KZ,1644811583
makakilo city,21.3469,-158.0858,75.56,54,0,12.66,US,1644811583
sorland,67.667,12.6934,30.27,62,99,29.97,NO,1644811583
vanavara,60.34,102.2797,-8.32,89,38,5.93,RU,1644811584
egvekinot,66.3167,-179.1667,-18.9,90,12,7.63,RU,1644811584
kuruman,-27.4524,23.4325,67.37,46,0,5.66,ZA,1644811584
boyuibe,-20.4167,-63.2833,62.31,88,89,2.71,BO,1644811584
san quintin,30.4833,-115.95,65.64,39,0,5.84,MX,1644811457
champerico,14.3,-91.9167,83.35,72,4,3.76,GT,1644811585
francofonte,37.2265,14.8806,47.28,91,100,1.52,IT,1644811585
vardo,70.3705,31.1107,17.8,79,100,13.89,NO,1644811526
puga,21.5833,-104.8167,69.15,32,100,0.87,MX,1644811585
artyom,40.4723,50.333,39.34,59,69,4.97,AZ,1644811586
omboue,-1.5746,9.2618,78.13,84,100,4.12,GA,1644811586
tessalit,20.1986,1.0114,57.49,26,32,9.82,ML,1644811331
evensk,61.95,159.2333,5.97,68,20,12.01,RU,1644811586
tirumullaivasal,11.2333,79.8333,80.29,68,68,10.6,IN,1644811587
souillac,-20.5167,57.5167,82.36,86,99,13.38,MU,1644811587
abu samrah,35.3029,37.1841,44.6,85,0,8.25,SY,1644811587
padang,-0.9492,100.3543,87.85,57,39,3.67,ID,1644811587
rawatsar,29.2833,74.3833,64.53,40,0,8.61,IN,1644811431
jalu,29.0331,21.5482,51.35,62,0,5.75,LY,1644811588
rumonge,-3.9736,29.4386,70.23,84,99,3.85,BI,1644811588
kalabo,-14.97,22.6814,64.06,95,33,3.0,ZM,1644811588
palora,-1.7,-77.9333,65.98,97,100,2.89,EC,1644811589
general pico,-35.6566,-63.7568,60.17,40,0,8.5,AR,1644811589
maniitsoq,65.4167,-52.9,1.4,87,100,3.15,GL,1644811649
agadez,19.75,10.25,57.07,18,0,4.21,NE,1644811649
la roda,39.2167,-2.15,47.93,88,82,18.75,ES,1644811650
husavik,66.0449,-17.3389,17.06,80,96,17.38,IS,1644811650
siaya,0.0612,34.2882,65.5,74,81,4.68,KE,1644811373
takoradi,4.8845,-1.7554,78.15,86,100,5.61,GH,1644811650
quatre cocos,-20.2078,57.7625,82.09,87,100,13.33,MU,1644811651
alasehir,38.3508,28.5172,40.98,96,100,2.51,TR,1644811651
pimenta bueno,-11.6725,-61.1936,71.11,98,100,0.72,BR,1644811651
bati,11.1833,40.0167,61.56,78,98,1.86,ET,1644811651
iroquois falls,48.7669,-80.6831,-18.27,98,32,3.24,CA,1644811652
bathsheba,13.2167,-59.5167,77.61,73,40,16.11,BB,1644811652
luderitz,-26.6481,15.1594,70.43,71,0,8.9,NA,1644811652
fortuna,40.5982,-124.1573,52.41,100,100,0.0,US,1644811648
vizinga,61.0749,50.1031,1.71,100,96,4.43,RU,1644811652
junction city,39.0286,-96.8314,32.86,52,0,6.91,US,1644811653
los alamos,35.8881,-106.307,40.78,51,0,1.01,US,1644811613
de aar,-30.6497,24.0123,70.02,58,78,12.86,ZA,1644811653
nelson bay,-32.7167,152.15,83.28,55,70,4.0,AU,1644811653
leningradskiy,69.3833,178.4167,-17.97,90,79,6.2,RU,1644811654
pitimbu,-7.4706,-34.8086,81.19,77,41,8.59,BR,1644811654
maragogi,-9.0122,-35.2225,78.82,76,48,8.23,BR,1644811654
atar,20.5169,-13.0499,64.31,21,99,8.37,MR,1644811654
genhe,50.7833,121.5167,2.86,77,100,2.44,CN,1644811655
krasnoselkup,65.7,82.4667,-2.79,92,51,15.14,RU,1644811655
muroto,33.2833,134.15,50.72,56,100,12.8,JP,1644811655
magdagachi,53.45,125.8,10.06,79,100,3.58,RU,1644811656
ilulissat,69.2167,-51.1,5.02,78,75,12.66,GL,1644811656
huadian,42.9633,126.7478,14.77,90,100,6.89,CN,1644811656
saint-georges,12.0564,-61.7485,77.4,68,35,14.79,GD,1644811377
saint george,37.1041,-113.5841,60.35,24,0,3.44,US,1644811601
muscatine,41.4667,-91.1335,12.11,56,100,0.0,US,1644811657
qasigiannguit,68.8193,-51.1922,5.25,95,100,6.38,GL,1644811572
ust-koksa,50.2696,85.6108,14.49,89,100,2.01,RU,1644811657
ostrovnoy,68.0531,39.5131,20.77,85,100,26.62,RU,1644811657
rawson,-43.3002,-65.1023,64.96,81,22,32.95,AR,1644811657
mormugao,15.4,73.8,76.82,50,10,2.8,IN,1644811658
tiarei,-17.5333,-149.3333,80.62,77,85,15.59,PF,1644811658
krasnokamensk,50.0979,118.0369,-6.52,87,54,3.06,RU,1644811658
ginir,7.1333,40.7,56.82,52,93,3.11,ET,1644811658
korla,41.7597,86.1469,31.84,44,9,1.97,CN,1644811659
basco,20.4487,121.9702,73.94,82,100,30.11,PH,1644811659
acapulco,16.8634,-99.8901,80.42,83,75,3.44,MX,1644811453
freeport,40.6576,-73.5832,27.52,68,100,16.11,US,1644811504
frederikshavn,57.4407,10.5366,42.75,93,100,18.97,DK,1644811659
corrente,-3.7367,-43.3394,71.94,98,100,2.37,BR,1644811660
yaan,7.3833,8.5667,75.42,16,97,5.37,NG,1644811660
muyezerskiy,63.9333,31.65,32.5,96,100,14.0,RU,1644811660
digha,21.6833,87.55,71.08,40,20,7.87,IN,1644811661
araceli,10.5529,119.9913,81.21,73,100,3.91,PH,1644811661
bushehr,28.9684,50.8385,51.89,87,0,4.61,IR,1644811721
sabang,5.8933,95.3214,82.54,72,67,11.65,ID,1644811721
zhangzhou,24.5133,117.6556,58.19,84,98,4.32,CN,1644811722
bonavista,48.6499,-53.1147,28.11,65,100,11.45,CA,1644811722
rundu,-17.9333,19.7667,64.53,92,85,3.6,NA,1644811722
bonthe,7.5264,-12.505,76.55,91,32,5.37,SL,1644811723
athboy,53.6186,-6.9206,41.4,95,99,13.47,IE,1644811723
thanatpin,17.2119,96.3033,78.98,17,22,7.29,MM,1644811723
namibe,-15.1961,12.1522,72.99,86,90,1.1,AO,1644811723
jardim,-21.4803,-56.1381,80.4,46,77,3.33,BR,1644811724
hamilton,39.1834,-84.5333,19.24,79,0,9.22,US,1644811724
inuvik,68.3499,-133.7218,-21.46,98,100,9.35,CA,1644811724
dibulla,11.2725,-73.3091,76.82,79,71,10.51,CO,1644811725
ojinaga,29.5667,-104.4167,51.42,25,0,8.05,MX,1644811725
nhulunbuy,-12.2333,136.7667,90.21,55,40,13.8,AU,1644811715
port keats,-14.25,129.55,89.47,56,84,2.1,AU,1644811725
nuuk,64.1835,-51.7216,5.61,85,75,8.05,GL,1644811726
veracruz,19.3333,-96.6667,60.87,68,99,1.48,MX,1644811550
aklavik,68.2191,-135.0107,-21.55,97,100,11.74,CA,1644811726
upernavik,72.7868,-56.1549,3.83,92,100,29.15,GL,1644811726
sao joao da barra,-21.6403,-41.0511,75.29,91,65,12.8,BR,1644811726
seoul,37.5683,126.9778,49.51,47,100,6.67,KR,1644811611
keuruu,62.2667,24.7,34.95,98,100,10.16,FI,1644811727
durres,41.3231,19.4414,35.78,81,30,6.91,AL,1644811727
vila,42.0304,-8.1588,42.93,93,92,4.09,PT,1644811727
siilinjarvi,63.0833,27.6667,35.62,93,100,13.8,FI,1644811728
chapais,49.7834,-74.8492,-23.82,100,91,1.88,CA,1644811728
santa maria,-29.6842,-53.8069,58.86,38,0,1.12,BR,1644811728
khor,47.8861,134.9464,13.05,90,100,1.7,RU,1644811728
reconquista,-29.15,-59.65,64.02,40,0,4.88,AR,1644811729
aquiraz,-3.9014,-38.3911,82.18,85,15,9.69,BR,1644811729
colborne,44.0001,-77.8828,3.6,75,100,8.37,CA,1644811729
isabela,6.7085,121.9711,84.33,66,68,3.47,PH,1644811730
basoko,1.2391,23.616,72.34,73,88,4.03,CD,1644811730
svetlaya,46.5389,138.3297,25.2,84,100,16.53,RU,1644811730
hofn,64.2539,-15.2082,22.69,67,54,8.34,IS,1644811730
stephenville,32.2207,-98.2023,51.93,36,0,4.0,US,1644811731
manicore,-5.8092,-61.3003,73.02,100,100,2.3,BR,1644811731
namatanai,-3.6667,152.4333,83.8,74,63,8.14,PG,1644811731
puri,19.8,85.85,72.12,42,31,6.44,IN,1644811732
mareeba,-17.0,145.4333,84.43,73,57,7.99,AU,1644811732
menomonie,44.8755,-91.9193,7.74,78,100,8.05,US,1644811709
qaqortoq,60.7167,-46.0333,21.7,89,100,12.59,GL,1644811732
obo,5.3998,26.4869,71.01,20,20,5.06,CF,1644811732
majene,-3.5403,118.9707,79.47,76,98,2.37,ID,1644811733
shihezi,44.3,86.0333,16.47,91,86,3.58,CN,1644811733
brae,60.3964,-1.353,39.11,90,100,27.0,GB,1644811793
bowen,-20.0167,148.2333,83.39,64,14,22.28,AU,1644811794
buang,13.3122,123.6419,80.01,71,91,6.31,PH,1644811794
ordu,40.9086,37.6845,32.5,94,100,1.45,TR,1644811794
te anau,-45.4167,167.7167,70.18,44,100,1.59,NZ,1644811794
hajiganj,23.2511,90.8592,72.18,41,4,7.63,BD,1644811795
torbay,47.6666,-52.7314,30.27,87,100,10.0,CA,1644811795
kungurtug,50.5994,97.5228,-6.61,84,50,1.41,RU,1644811795
jiuquan,39.7432,98.5174,30.72,38,61,6.87,CN,1644811795
san policarpo,12.1791,125.5072,81.72,68,100,10.4,PH,1644811796
bundaberg,-24.85,152.35,77.29,86,75,18.41,AU,1644811796
digapahandi,19.3667,84.5833,74.01,34,7,3.24,IN,1644811796
mbigou,-1.9005,11.906,67.91,99,100,2.19,GA,1644811797
puksoozero,62.5903,40.6066,25.97,96,100,8.88,RU,1644811797
china,25.7,-99.2333,54.32,31,97,10.25,MX,1644811540
shipunovo,52.1582,82.2173,22.41,90,100,17.43,RU,1644811797
pidvynohradiv,48.1395,22.9719,30.11,85,18,4.0,UA,1644811797
puerto escondido,15.85,-97.0667,81.43,57,40,10.36,MX,1644811798
chernyshevskiy,63.0128,112.4714,-6.47,96,100,1.52,RU,1644811798
mineros,-17.1167,-63.2333,70.99,77,100,4.36,BO,1644811798
benghazi,32.1167,20.0667,54.55,72,3,4.43,LY,1644811799
ndjole,-0.1783,10.7649,72.86,97,100,0.54,GA,1644811799
dwarka,22.2394,68.9678,70.68,57,0,4.27,IN,1644811799
carnot,4.9409,15.8665,66.69,27,91,1.79,CF,1644811799
synya,65.3718,58.0387,3.96,97,73,6.42,RU,1644811800
kuminskiy,58.6667,66.5667,-14.17,100,97,3.89,RU,1644811800
nanortalik,60.1432,-45.2371,18.79,86,100,28.97,GL,1644811801
almaznyy,48.0448,40.045,17.74,84,4,2.06,RU,1644811801
fairbanks,64.8378,-147.7164,7.61,77,100,4.61,US,1644811548
amapa,1.0,-52.0,72.27,99,100,1.97,BR,1644811801
taoudenni,22.6783,-3.9836,57.85,28,0,12.97,ML,1644811802
braintree,51.8782,0.5529,46.51,97,100,8.93,GB,1644811802
hirara,24.8,125.2833,64.54,81,100,24.16,JP,1644811803
balkanabat,39.5108,54.3671,37.36,68,9,1.68,TM,1644811803
opportunity,47.6499,-117.2399,38.57,69,0,0.0,US,1644811803
tabas,33.5959,56.9244,47.35,46,0,4.99,IR,1644811803
luwuk,-0.9516,122.7875,85.44,66,77,2.26,ID,1644811804
honiara,-9.4333,159.95,80.67,88,99,5.19,SB,1644811804
ihosy,-22.4,46.1167,68.85,80,69,6.51,MG,1644811804
moron,-34.6534,-58.6198,69.98,58,0,5.12,AR,1644811805
ranipur,27.2879,68.5051,57.25,24,2,9.04,PK,1644811805
kourou,5.1552,-52.6478,77.11,93,100,7.0,GF,1644811805
wolfhagen,51.3261,9.1702,45.66,74,99,12.62,DE,1644811806
barra patuca,15.8,-84.2833,75.25,84,1,8.61,HN,1644811806
piripiri,-4.2733,-41.7769,72.05,96,53,1.95,BR,1644811702
little current,45.9793,-81.9248,-8.77,93,8,2.84,CA,1644811614
pangnirtung,66.1451,-65.7125,-34.24,94,75,5.32,CA,1644811866
taganak,6.0833,118.3,80.33,79,100,3.98,PH,1644811867
kunming,25.0389,102.7183,58.35,30,0,7.23,CN,1644811633
tilichiki,60.4667,166.1,-12.23,91,31,9.73,RU,1644811867
retz,48.7494,15.9624,35.42,75,3,7.76,AT,1644811867
port hawkesbury,45.6169,-61.3485,21.78,93,100,6.91,CA,1644811867
ponca city,36.707,-97.0856,39.11,47,0,5.75,US,1644811868
alekseyevsk,57.8406,108.3492,-9.54,90,65,1.52,RU,1644811868
bara,10.3744,10.7288,66.9,21,87,6.13,NG,1644811868
san pedro,14.35,121.0167,86.32,67,35,7.25,PH,1644811869
jishou,28.3167,109.7167,52.36,64,54,1.5,CN,1644811869
santa marta,11.2408,-74.199,84.25,63,20,18.99,CO,1644811869
belmonte,-15.8631,-38.8828,75.7,89,90,5.84,BR,1644811869
kapit,2.0167,112.9333,91.58,53,78,1.92,MY,1644811870
ambon,-3.6954,128.1814,86.14,70,40,3.44,ID,1644811870
grajau,-5.8194,-46.1386,72.32,98,100,3.22,BR,1644811870
conceicao do araguaia,-8.2578,-49.2647,71.69,92,98,3.04,BR,1644811871
yakeshi,49.2833,120.7333,-12.19,94,100,4.7,CN,1644811871
semenivka,52.1783,32.5818,23.14,88,12,10.94,UA,1644811871
betioky,-23.7167,44.3833,77.02,56,0,8.48,MG,1644811871
tezu,27.9167,96.1667,71.13,21,0,3.69,IN,1644811872
jamame,0.0722,42.7506,75.74,82,84,7.9,SO,1644811872
mecca,21.4267,39.8261,70.25,28,18,3.83,SA,1644811872
mao,39.8885,4.2658,54.16,82,75,16.11,ES,1644811872
walvis bay,-22.9575,14.5053,72.09,83,47,1.03,NA,1644811873
kahului,20.8947,-156.47,75.22,71,0,11.5,US,1644811758
codrington,-38.2667,141.9667,71.42,60,19,11.79,AU,1644811873
brus laguna,15.75,-84.4833,71.08,95,4,2.95,HN,1644811873
christchurch,-43.5333,172.6333,66.0,62,37,4.61,NZ,1644811783
valencia,39.3333,-0.8333,54.7,70,99,13.22,ES,1644811874
litovko,49.2361,135.1742,14.81,89,100,7.78,RU,1644811874
caceres,39.522,-6.3748,42.8,92,21,8.55,ES,1644811874
saint paul,44.9444,-93.0933,8.6,77,100,13.8,US,1644811632
impfondo,1.6381,18.0667,68.5,88,52,3.29,CG,1644811875
whitecourt,54.1502,-115.6855,28.06,96,100,4.14,CA,1644811875
kupang,-10.1667,123.5833,85.89,63,4,0.89,ID,1644811875
mala vyska,48.6431,31.6366,26.85,67,0,6.35,UA,1644811876
yagodnoye,62.55,149.6667,-15.95,92,30,1.97,RU,1644811876
kasane,-17.8167,25.15,63.43,94,9,3.51,BW,1644811876
marawi,7.9986,124.2928,72.64,50,74,4.94,PH,1644811877
madison,34.7334,-86.5667,35.33,63,0,13.0,US,1644811344
padre bernardo,-15.35,-48.5,63.75,96,9,1.52,BR,1644811877
kudahuvadhoo,2.6708,72.8944,81.45,76,73,8.39,MV,1644811877
mianwali,32.5741,71.5264,61.56,31,100,1.05,PK,1644811878
puerto leguizamo,-0.1934,-74.7819,73.08,96,96,1.48,CO,1644811878
warrenton,-28.114,24.8475,67.91,46,1,3.11,ZA,1644811878
ligayan,4.6533,119.4706,82.06,76,97,12.39,PH,1644811938
ust-karsk,52.7011,118.8077,-1.3,88,100,1.48,RU,1644811939
lotoshino,56.2267,35.6414,23.94,84,100,14.45,RU,1644811939
tecoanapa,16.5167,-98.75,78.66,71,55,3.33,MX,1644811939
olenino,56.2092,33.4889,22.23,89,100,11.05,RU,1644811939
alappuzha,9.49,76.3264,79.81,70,13,3.36,IN,1644811869
sorong,-0.8833,131.25,80.08,82,100,5.3,ID,1644811835
tomatlan,19.9333,-105.25,70.65,56,47,3.13,MX,1644811940
hun,29.1268,15.9477,48.38,52,0,8.28,LY,1644811940
qui nhon,13.7667,109.2333,75.18,91,100,12.39,VN,1644811940
dongli,23.5656,116.8194,63.36,69,81,7.52,CN,1644811941
capreol,46.706,-80.9225,-22.09,76,21,3.36,CA,1644811941
corinto,37.9407,22.9573,48.69,79,8,1.12,GR,1644811941
aramil,56.6977,60.8369,17.22,92,75,4.0,RU,1644811942
mahajanga,-15.7167,46.3167,76.68,87,29,8.97,MG,1644811942
ilo,-17.6394,-71.3375,69.24,85,63,5.41,PE,1644811942
olafsvik,64.8945,-23.7142,33.49,67,98,12.55,IS,1644811943
kununurra,-15.7667,128.7333,80.58,78,66,0.0,AU,1644811943
waki,34.0667,134.15,45.73,73,83,5.06,JP,1644811943
asau,46.4333,26.4,26.96,82,97,3.78,RO,1644811944
port lincoln,-34.7333,135.8667,72.41,67,15,11.77,AU,1644811944
buraydah,26.326,43.975,48.67,34,0,3.0,SA,1644811944
dunedin,-45.8742,170.5036,61.81,60,86,10.0,NZ,1644811944
camopi,3.1655,-52.3158,72.1,100,100,1.59,GF,1644811945
bucov,44.9667,26.0833,32.86,73,100,1.45,RO,1644811945
buzmeyin,38.0507,58.2056,36.88,85,100,9.04,TM,1644811945
podstepki,53.5151,49.1355,21.85,97,81,2.28,RU,1644811945
gambela,8.25,34.5833,78.33,44,35,3.06,ET,1644811946
monterey,36.2505,-121.2516,59.05,13,7,4.88,US,1644811453
port hardy,50.6996,-127.4199,48.76,79,100,9.42,CA,1644811946
pachino,36.7186,15.0907,37.44,82,97,5.23,IT,1644811946
otradnoye,59.7775,30.8181,37.04,92,100,11.36,RU,1644811835
north platte,41.1239,-100.7654,40.98,44,0,5.99,US,1644811705
matata,-37.8833,176.75,70.34,77,87,4.41,NZ,1644811947
sobolevo,54.4299,31.8996,21.63,89,99,11.65,RU,1644811947
oroville,39.5138,-121.5564,65.23,61,0,1.01,US,1644811947
carquefou,47.2982,-1.4902,46.83,92,0,9.22,FR,1644811948
pontes e lacerda,-15.2261,-59.3353,71.92,97,100,0.89,BR,1644811827
kulhudhuffushi,6.6221,73.07,81.09,72,81,4.79,MV,1644811948
washington,47.5001,-120.5015,37.89,69,100,2.15,US,1644811858
itarema,-2.9248,-39.9167,78.82,82,22,11.23,BR,1644811791
baymak,52.5933,58.3225,2.1,96,72,6.4,RU,1644811948
rabo de peixe,37.8,-25.5833,56.28,80,75,6.91,PT,1644811949
punta alta,-38.8759,-62.0736,71.51,38,0,17.45,AR,1644811949
moree,-29.4667,149.85,93.22,21,40,6.91,AU,1644812009
palmer,42.1584,-72.3287,25.63,57,100,8.05,US,1644812009
akdagmadeni,39.6603,35.8836,24.76,96,100,0.85,TR,1644812010
wallacetown,-46.3333,168.2667,62.19,55,100,7.31,NZ,1644812010
sitka,57.0531,-135.33,40.89,81,100,11.5,US,1644811752
acajutla,13.5928,-89.8275,81.81,60,0,9.31,SV,1644811830
waitati,-45.75,170.5667,61.81,60,76,6.22,NZ,1644812010
ust-ishim,57.6935,71.1665,-4.59,100,95,3.4,RU,1644812011
kibondo,-3.5864,30.7203,58.75,94,100,2.62,TZ,1644812011
novaya zaimka,56.4857,66.9241,4.93,97,97,3.85,RU,1644812011
dakoro,14.5106,6.765,64.0,13,1,9.75,NE,1644812011
salalah,17.0151,54.0924,71.69,16,2,6.91,OM,1644812012
rajnagar,24.8833,79.9167,67.3,29,0,2.77,IN,1644812012
bontang,0.1333,117.5,83.52,70,72,5.99,ID,1644812012
nanton,50.3501,-113.7687,34.05,53,91,6.87,CA,1644812013
churapcha,62.0025,132.4325,-16.98,89,98,1.86,RU,1644812013
burgeo,47.6167,-57.6152,22.33,56,100,12.75,CA,1644812013
ballina,-28.8667,153.5667,78.98,88,51,13.11,AU,1644812013
ilebo,-4.3167,20.5833,68.4,98,95,0.85,CD,1644812014
andenes,69.3143,16.1194,30.18,86,100,3.44,NO,1644812014
rennes,48.1667,-1.6667,44.64,93,0,10.36,FR,1644812014
gasa,31.5,34.4667,53.58,73,98,7.74,PS,1644812015
college place,46.0493,-118.3883,44.08,70,0,3.44,US,1644812015
mayenne,48.3333,-0.6667,44.04,97,83,10.56,FR,1644812015
cascais,38.6979,-9.4215,53.51,71,0,20.0,PT,1644812015
amahai,-3.3333,128.9167,80.28,78,100,2.48,ID,1644812016
lenger,42.183,69.8839,35.04,98,100,15.05,KZ,1644812016
mitsamiouli,-11.3847,43.2844,80.46,79,37,2.35,KM,1644812016
crestview,30.7621,-86.5705,45.68,62,0,3.44,US,1644812016
